target,model,actual,predicted,error,error_abs,rolling_rmse,stability_index,overall_rmse,date,year,month,quarter,year_month
DGS30,RandomForest,3.875940046814816,3.873477655404933,0.0024623914098831357,0.0024623914098831357,0.0024623914098831357,0.6620349286982153,0.007334460428911024,2024-09-18,2024,9,3,2024-09
DGS30,RandomForest,3.88137902180208,3.877712112400943,0.0036669094011370085,0.0036669094011370085,0.003123267200514009,0.6620349286982153,0.007334460428911024,2024-09-19,2024,9,3,2024-09
DGS30,RandomForest,3.8727112133219848,3.8793064992693256,-0.006595285947340823,0.006595285947340823,0.004582844558379456,0.6620349286982153,0.007334460428911024,2024-09-20,2024,9,3,2024-09
DGS30,RandomForest,3.886757215737103,3.8836718870951934,0.0030853286419096904,0.0030853286419096904,0.00425812886040902,0.6620349286982153,0.007334460428911024,2024-09-21,2024,9,3,2024-09
DGS30,RandomForest,3.886757215737103,3.887532238147822,-0.0007750224107190284,0.0007750224107190284,0.003824324915707597,0.6620349286982153,0.007334460428911024,2024-09-22,2024,9,3,2024-09
DGS30,RandomForest,3.886757215737103,3.887709633335332,-0.0009524175982287275,0.0009524175982287275,0.0035127008741120506,0.6620349286982153,0.007334460428911024,2024-09-23,2024,9,3,2024-09
DGS30,RandomForest,3.917772577055982,3.920021920303048,-0.002249343247066271,0.002249343247066271,0.0033614186977067545,0.6620349286982153,0.007334460428911024,2024-09-24,2024,9,3,2024-09
DGS30,RandomForest,3.939840037862278,3.941797799971309,-0.0019577621090309805,0.0019577621090309805,0.003219603665527122,0.6620349286982153,0.007334460428911024,2024-09-25,2024,9,3,2024-09
DGS30,RandomForest,3.945896960736833,3.948801571885115,-0.002904611148281777,0.002904611148281777,0.0031861427049599965,0.6620349286982153,0.007334460428911024,2024-09-26,2024,9,3,2024-09
DGS30,RandomForest,3.948230865725707,3.951111968581124,-0.0028811028554169837,0.0028811028554169837,0.0031569653417612953,0.6620349286982153,0.007334460428911024,2024-09-27,2024,9,3,2024-09
DGS30,RandomForest,3.948026686443957,3.9544946880593774,-0.006468001615420604,0.006468001615420604,0.003586582908917163,0.6620349286982153,0.007334460428911024,2024-09-28,2024,9,3,2024-09
DGS30,RandomForest,3.948026686443957,3.955161961822179,-0.007135275378222339,0.007135275378222339,0.004004284177716928,0.6620349286982153,0.007334460428911024,2024-09-29,2024,9,3,2024-09
DGS30,RandomForest,3.948026686443957,3.955445310130846,-0.00741862368688917,0.00741862368688917,0.0043628455668170965,0.6620349286982153,0.007334460428911024,2024-09-30,2024,9,3,2024-09
DGS30,RandomForest,3.9263162062431647,3.929011784571424,-0.002695578328259174,0.002695578328259174,0.004265422615491285,0.6620349286982153,0.007334460428911024,2024-10-01,2024,10,4,2024-10
DGS30,RandomForest,3.843069157802784,3.8410282803360376,0.002040877466746416,0.002040877466746416,0.004154345532705855,0.6620349286982153,0.007334460428911024,2024-10-02,2024,10,4,2024-10
DGS30,RandomForest,3.80317852811152,3.807850365212393,-0.004671837100873155,0.004671837100873155,0.004188562282975145,0.6620349286982153,0.007334460428911024,2024-10-03,2024,10,4,2024-10
DGS30,RandomForest,3.785648331870835,3.7869967653938974,-0.0013484335230624644,0.0013484335230624644,0.00407664176195172,0.6620349286982153,0.007334460428911024,2024-10-04,2024,10,4,2024-10
DGS30,RandomForest,3.796666283413689,3.7919625683757694,0.004703715037919665,0.004703715037919665,0.004113987468907222,0.6620349286982153,0.007334460428911024,2024-10-05,2024,10,4,2024-10
DGS30,RandomForest,3.796666283413689,3.797255056372107,-0.0005887729584177492,0.0005887729584177492,0.004006538903332543,0.6620349286982153,0.007334460428911024,2024-10-06,2024,10,4,2024-10
DGS30,RandomForest,3.796666283413689,3.797314230804704,-0.0006479473910148137,0.0006479473910148137,0.003907777894890832,0.6620349286982153,0.007334460428911024,2024-10-07,2024,10,4,2024-10
DGS30,RandomForest,3.723415555816558,3.725252921662506,-0.0018373658459482911,0.0018373658459482911,0.0038346197102550423,0.6620349286982153,0.007334460428911024,2024-10-08,2024,10,4,2024-10
DGS30,RandomForest,3.674587067363234,3.6864485352749536,-0.011861467911719714,0.011861467911719714,0.004520080931438378,0.6620349286982153,0.007334460428911024,2024-10-09,2024,10,4,2024-10
DGS30,RandomForest,3.725171626310641,3.719004268858437,0.006167357452204314,0.006167357452204314,0.004603973679389795,0.6620349286982153,0.007334460428911024,2024-10-10,2024,10,4,2024-10
DGS30,RandomForest,3.747636889558557,3.7504975627102217,-0.0028606731516647166,0.0028606731516647166,0.004544706832369561,0.6620349286982153,0.007334460428911024,2024-10-11,2024,10,4,2024-10
DGS30,RandomForest,3.8161554633735175,3.8156532897475146,0.0005021736260029108,0.0005021736260029108,0.0044540176154260125,0.6620349286982153,0.007334460428911024,2024-10-12,2024,10,4,2024-10
DGS30,RandomForest,3.8161554633735175,3.815558525870261,0.0005969375032566226,0.0005969375032566226,0.00436909230735949,0.6620349286982153,0.007334460428911024,2024-10-13,2024,10,4,2024-10
DGS30,RandomForest,3.8161554633735175,3.816006545071882,0.00014891830163543673,0.00014891830163543673,0.004287515614943974,0.6620349286982153,0.007334460428911024,2024-10-14,2024,10,4,2024-10
DGS30,RandomForest,3.8200971044434384,3.817177933056305,0.002919171387133268,0.002919171387133268,0.004246245802361121,0.6620349286982153,0.007334460428911024,2024-10-15,2024,10,4,2024-10
DGS30,RandomForest,3.7479948034388775,3.744464119909289,0.0035306835295885186,0.0035306835295885186,0.00422358983518332,0.6620349286982153,0.007334460428911024,2024-10-16,2024,10,4,2024-10
DGS30,RandomForest,3.789148900859177,3.7943919269891104,-0.005243026129933437,0.005243026129933437,0.004261501866631907,0.6620349286982153,0.007334460428911024,2024-10-17,2024,10,4,2024-10
DGS30,RandomForest,3.7900393067666633,3.789089573937461,0.0009497328292025209,0.0009497328292025209,0.004241267757682112,0.6620349286982153,0.007334460428911024,2024-10-18,2024,10,4,2024-10
DGS30,RandomForest,3.7986000886569937,3.792041807898108,0.006558280758885537,0.006558280758885537,0.004355897870423643,0.6620349286982153,0.007334460428911024,2024-10-19,2024,10,4,2024-10
DGS30,RandomForest,3.7986000886569937,3.798905749085413,-0.0003056604284190634,0.0003056604284190634,0.0041865300639756025,0.6620349286982153,0.007334460428911024,2024-10-20,2024,10,4,2024-10
DGS30,RandomForest,3.7986000886569937,3.7988980494737015,-0.000297960816707743,0.000297960816707743,0.004148817289770068,0.6620349286982153,0.007334460428911024,2024-10-21,2024,10,4,2024-10
DGS30,RandomForest,3.774551667003883,3.77529650792708,-0.0007448409231969322,0.0007448409231969322,0.004148633009320073,0.6620349286982153,0.007334460428911024,2024-10-22,2024,10,4,2024-10
DGS30,RandomForest,3.7952266663020553,3.7959016928911593,-0.0006750265891040108,0.0006750265891040108,0.004146819009775989,0.6620349286982153,0.007334460428911024,2024-10-23,2024,10,4,2024-10
DGS30,RandomForest,3.781919751944048,3.779685843945666,0.0022339079983821897,0.0022339079983821897,0.004146540875224788,0.6620349286982153,0.007334460428911024,2024-10-24,2024,10,4,2024-10
DGS30,RandomForest,3.7155006959803982,3.717418603451365,-0.001917907470966984,0.001917907470966984,0.00414591997626957,0.6620349286982153,0.007334460428911024,2024-10-25,2024,10,4,2024-10
DGS30,RandomForest,3.773578361227018,3.7743590562857454,-0.0007806950587272432,0.0007806950587272432,0.0041143338559274725,0.6620349286982153,0.007334460428911024,2024-10-26,2024,10,4,2024-10
DGS30,RandomForest,3.773578361227018,3.7742466274466793,-0.0006682662196610956,0.0006682662196610956,0.0040823935724759106,0.6620349286982153,0.007334460428911024,2024-10-27,2024,10,4,2024-10
DGS30,RandomForest,3.773578361227018,3.774365426605782,-0.0007870653787636073,0.0007870653787636073,0.003910509538117096,0.6620349286982153,0.007334460428911024,2024-10-28,2024,10,4,2024-10
DGS30,RandomForest,3.692864954005569,3.699858345901082,-0.006993391895512957,0.006993391895512957,0.0039019564362522212,0.6620349286982153,0.007334460428911024,2024-10-29,2024,10,4,2024-10
DGS30,RandomForest,3.7529145246206697,3.759238882171144,-0.0063243575504743355,0.0063243575504743355,0.0038371840453248728,0.6620349286982153,0.007334460428911024,2024-10-30,2024,10,4,2024-10
DGS30,RandomForest,3.7702878836986007,3.771339420142541,-0.001051536443940293,0.001051536443940293,0.003810332567725232,0.6620349286982153,0.007334460428911024,2024-10-31,2024,10,4,2024-10
DGS30,RandomForest,3.782676680549913,3.7818951851167046,0.000781495433208157,0.000781495433208157,0.003794753319070418,0.6620349286982153,0.007334460428911024,2024-11-01,2024,11,4,2024-11
DGS30,RandomForest,3.832968725728406,3.827294893632464,0.005673832095942188,0.005673832095942188,0.00384001254917102,0.6620349286982153,0.007334460428911024,2024-11-02,2024,11,4,2024-11
DGS30,RandomForest,3.832968725728406,3.8327762515817776,0.00019247414662837414,0.00019247414662837414,0.003832273757900259,0.6620349286982153,0.007334460428911024,2024-11-03,2024,11,4,2024-11
DGS30,RandomForest,3.832968725728406,3.8324990516303834,0.00046967409802256554,0.00046967409802256554,0.003735796761357747,0.6620349286982153,0.007334460428911024,2024-11-04,2024,11,4,2024-11
DGS30,RandomForest,3.7744127950018354,3.777181874839095,-0.0027690798372597136,0.0027690798372597136,0.0037683173646146334,0.6620349286982153,0.007334460428911024,2024-11-05,2024,11,4,2024-11
DGS30,RandomForest,3.7679473692352623,3.766226038705563,0.0017213305296994719,0.0017213305296994719,0.003779548543519617,0.6620349286982153,0.007334460428911024,2024-11-06,2024,11,4,2024-11
DGS30,RandomForest,3.7725498625360174,3.772738433828868,-0.00018857129285043683,0.00018857129285043683,0.003764789775739002,0.6620349286982153,0.007334460428911024,2024-11-07,2024,11,4,2024-11
DGS30,RandomForest,3.76294917082122,3.762217518192809,0.00073165262841135,0.00073165262841135,0.0030824782032923474,0.6620349286982153,0.007334460428911024,2024-11-08,2024,11,4,2024-11
DGS30,RandomForest,3.789473272328274,3.787495077847794,0.001978194480479978,0.001978194480479978,0.0028920990743317326,0.6620349286982153,0.007334460428911024,2024-11-09,2024,11,4,2024-11
DGS30,RandomForest,3.789473272328274,3.7892416117546,0.00023166057367385307,0.00023166057367385307,0.0028448627817714597,0.6620349286982153,0.007334460428911024,2024-11-10,2024,11,4,2024-11
DGS30,RandomForest,3.789473272328274,3.7892906187013136,0.00018265362696023857,0.00018265362696023857,0.0028435805563294214,0.6620349286982153,0.007334460428911024,2024-11-11,2024,11,4,2024-11
DGS30,RandomForest,3.659311170907732,3.686398870784133,-0.027087699876400695,0.027087699876400695,0.005703699564379849,0.6620349286982153,0.007334460428911024,2024-11-12,2024,11,4,2024-11
DGS30,RandomForest,3.7123545707372254,3.713971876564808,-0.0016173058275827934,0.0016173058275827934,0.0057112729553068335,0.6620349286982153,0.007334460428911024,2024-11-13,2024,11,4,2024-11
DGS30,RandomForest,3.6865890345557006,3.683266990125786,0.0033220444299146834,0.0033220444299146834,0.005718605834488703,0.6620349286982153,0.007334460428911024,2024-11-14,2024,11,4,2024-11
DGS30,RandomForest,3.6965643626894433,3.691200909648116,0.005363453041327126,0.005363453041327126,0.00576591849592026,0.6620349286982153,0.007334460428911024,2024-11-15,2024,11,4,2024-11
DGS30,RandomForest,3.697628253627561,3.697766013636522,-0.00013776000896070784,0.00013776000896070784,0.005685959719252223,0.6620349286982153,0.007334460428911024,2024-11-16,2024,11,4,2024-11
DGS30,RandomForest,3.697628253627561,3.69796878860415,-0.00034053497658881327,0.00034053497658881327,0.0056836552484358744,0.6620349286982153,0.007334460428911024,2024-11-17,2024,11,4,2024-11
DGS30,RandomForest,3.697628253627561,3.6980873812688615,-0.0004591276413004053,0.0004591276413004053,0.005556731236889837,0.6620349286982153,0.007334460428911024,2024-11-18,2024,11,4,2024-11
DGS30,RandomForest,3.791915633283857,3.779149207384533,0.012766425899323863,0.012766425899323863,0.006025518132952672,0.6620349286982153,0.007334460428911024,2024-11-19,2024,11,4,2024-11
DGS30,RandomForest,3.752573088262515,3.75377074549871,-0.0011976572361951376,0.0011976572361951376,0.006029238938493429,0.6620349286982153,0.007334460428911024,2024-11-20,2024,11,4,2024-11
DGS30,RandomForest,3.724064851063853,3.723256271960587,0.0008085791032659273,0.0008085791032659273,0.006029512632291078,0.6620349286982153,0.007334460428911024,2024-11-21,2024,11,4,2024-11
DGS30,RandomForest,3.763169379687262,3.769475809111691,-0.006306429424428828,0.006306429424428828,0.006137225400993609,0.6620349286982153,0.007334460428911024,2024-11-22,2024,11,4,2024-11
DGS30,RandomForest,3.746934895383218,3.751018485847403,-0.004083590464185161,0.004083590464185161,0.006168877355489093,0.6620349286982153,0.007334460428911024,2024-11-23,2024,11,4,2024-11
DGS30,RandomForest,3.746934895383218,3.746452368883231,0.0004825264999865908,0.0004825264999865908,0.006159561395554018,0.6620349286982153,0.007334460428911024,2024-11-24,2024,11,4,2024-11
DGS30,RandomForest,3.746934895383218,3.746307635253984,0.0006272601292338642,0.0006272601292338642,0.006158976830781193,0.6620349286982153,0.007334460428911024,2024-11-25,2024,11,4,2024-11
DGS30,RandomForest,3.796521628119324,3.794770758003953,0.001750870115370784,0.001750870115370784,0.006166059883165654,0.6620349286982153,0.007334460428911024,2024-11-26,2024,11,4,2024-11
DGS30,RandomForest,3.8404104374759833,3.8400071172166,0.00040332025938338845,0.00040332025938338845,0.0061648250307821005,0.6620349286982153,0.007334460428911024,2024-11-27,2024,11,4,2024-11
DGS30,RandomForest,3.820399981535436,3.818670918383459,0.0017290631519770727,0.0017290631519770727,0.006039409902145585,0.6620349286982153,0.007334460428911024,2024-11-28,2024,11,4,2024-11
DGS30,RandomForest,3.721436910566279,3.727924395870624,-0.006487485304345064,0.006487485304345064,0.006045174731778163,0.6620349286982153,0.007334460428911024,2024-11-29,2024,11,4,2024-11
DGS30,RandomForest,3.65628830583296,3.666563070017649,-0.0102747641846892,0.0102747641846892,0.006326634640654574,0.6620349286982153,0.007334460428911024,2024-11-30,2024,11,4,2024-11
DGS30,RandomForest,3.65628830583296,3.652627730870412,0.0036605749625477912,0.0036605749625477912,0.006360236500409451,0.6620349286982153,0.007334460428911024,2024-12-01,2024,12,4,2024-12
DGS30,RandomForest,3.65628830583296,3.6528872512781,0.0034010545548599502,0.0034010545548599502,0.006305957637204174,0.6620349286982153,0.007334460428911024,2024-12-02,2024,12,4,2024-12
DGS30,RandomForest,3.767682171072298,3.7504301314260906,0.01725203964620725,0.01725203964620725,0.0070487561014304645,0.6620349286982153,0.007334460428911024,2024-12-03,2024,12,4,2024-12
DGS30,RandomForest,3.724055045790189,3.725899714536491,-0.0018446687463020695,0.0018446687463020695,0.007056276370128053,0.6620349286982153,0.007334460428911024,2024-12-04,2024,12,4,2024-12
DGS30,RandomForest,3.752176008047651,3.75305832227154,-0.0008823142238889581,0.0008823142238889581,0.007039985231029454,0.6620349286982153,0.007334460428911024,2024-12-05,2024,12,4,2024-12
DGS30,RandomForest,3.795643677011562,3.7970300623456175,-0.00138638533405544,0.00138638533405544,0.00703752050818893,0.6620349286982153,0.007334460428911024,2024-12-06,2024,12,4,2024-12
DGS30,RandomForest,3.7678567731647945,3.7621439318271936,0.00571284133760086,0.00571284133760086,0.007114309158570276,0.6620349286982153,0.007334460428911024,2024-12-07,2024,12,4,2024-12
DGS30,RandomForest,3.7678567731647945,3.768197165021328,-0.0003403918565334507,0.0003403918565334507,0.0071133264491348444,0.6620349286982153,0.007334460428911024,2024-12-08,2024,12,4,2024-12
DGS30,RandomForest,3.7678567731647945,3.7681889167076497,-0.0003321435428551567,0.0003321435428551567,0.007104410510589646,0.6620349286982153,0.007334460428911024,2024-12-09,2024,12,4,2024-12
DGS30,RandomForest,3.723874984948854,3.7251103821342326,-0.0012353971853786838,0.0012353971853786838,0.007107864190865274,0.6620349286982153,0.007334460428911024,2024-12-10,2024,12,4,2024-12
DGS30,RandomForest,3.739711827059832,3.742891370993475,-0.0031795439336428366,0.0031795439336428366,0.007131451787567683,0.6620349286982153,0.007334460428911024,2024-12-11,2024,12,4,2024-12
DGS30,RandomForest,3.7093121687802495,3.710083161535884,-0.0007709927556343033,0.0007709927556343033,0.005139971086777796,0.6620349286982153,0.007334460428911024,2024-12-12,2024,12,4,2024-12
DGS30,RandomForest,3.778455789021203,3.773718041938834,0.004737747082369292,0.004737747082369292,0.005203875646938273,0.6620349286982153,0.007334460428911024,2024-12-13,2024,12,4,2024-12
DGS30,RandomForest,3.764117648284424,3.7649361061315023,-0.0008184578470782355,0.0008184578470782355,0.005170569106384821,0.6620349286982153,0.007334460428911024,2024-12-14,2024,12,4,2024-12
DGS30,RandomForest,3.764117648284424,3.7651357976166095,-0.0010181493321854695,0.0010181493321854695,0.005080398757489882,0.6620349286982153,0.007334460428911024,2024-12-15,2024,12,4,2024-12
DGS30,RandomForest,3.764117648284424,3.765098571069032,-0.0009809227846080404,0.0009809227846080404,0.005083492164980149,0.6620349286982153,0.007334460428911024,2024-12-16,2024,12,4,2024-12
DGS30,RandomForest,3.749902103411679,3.7530335300647697,-0.003131426653090852,0.003131426653090852,0.0051151625798725245,0.6620349286982153,0.007334460428911024,2024-12-17,2024,12,4,2024-12
DGS30,RandomForest,3.700830153021593,3.6981252568830634,0.0027048961385296444,0.0027048961385296444,0.005138262713813787,0.6620349286982153,0.007334460428911024,2024-12-18,2024,12,4,2024-12
DGS30,RandomForest,3.708865228782797,3.7082997490529306,0.0005654797298664249,0.0005654797298664249,0.004580358241327976,0.6620349286982153,0.007334460428911024,2024-12-19,2024,12,4,2024-12
DGS30,RandomForest,3.689605327293191,3.683757100611182,0.005848226682009017,0.005848226682009017,0.004698076986157155,0.6620349286982153,0.007334460428911024,2024-12-20,2024,12,4,2024-12
DGS30,RandomForest,3.658309215385548,3.661513484947759,-0.003204269562210982,0.003204269562210982,0.004732058622829527,0.6620349286982153,0.007334460428911024,2024-12-21,2024,12,4,2024-12
DGS30,RandomForest,3.658309215385548,3.651553749103557,0.006755466281991307,0.006755466281991307,0.004752671658827549,0.6620349286982153,0.007334460428911024,2024-12-22,2024,12,4,2024-12
DGS30,RandomForest,3.658309215385548,3.651417225521256,0.006891989864292292,0.006891989864292292,0.004859562566421666,0.6620349286982153,0.007334460428911024,2024-12-23,2024,12,4,2024-12
DGS30,RandomForest,3.654640463860717,3.6519788462053913,0.0026616176553257986,0.0026616176553257986,0.004883003948489613,0.6620349286982153,0.007334460428911024,2024-12-24,2024,12,4,2024-12
DGS30,RandomForest,3.6688388262107257,3.66220430683738,0.006634519373345693,0.006634519373345693,0.0050296958783957214,0.6620349286982153,0.007334460428911024,2024-12-25,2024,12,4,2024-12
DGS30,RandomForest,3.600521846994861,3.620548706413156,-0.02002685941829485,0.02002685941829485,0.006210058429338042,0.6620349286982153,0.007334460428911024,2024-12-26,2024,12,4,2024-12
DGS30,RandomForest,3.669509243155545,3.664189574149786,0.005319669005759309,0.005319669005759309,0.006285117293981025,0.6620349286982153,0.007334460428911024,2024-12-27,2024,12,4,2024-12
DGS30,RandomForest,3.7044336848294206,3.708703843694662,-0.004270158865241402,0.004270158865241402,0.006325413239000953,0.6620349286982153,0.007334460428911024,2024-12-28,2024,12,4,2024-12
DGS30,RandomForest,3.7044336848294206,3.704994710654262,-0.0005610258248411881,0.0005610258248411881,0.006214372759246374,0.6620349286982153,0.007334460428911024,2024-12-29,2024,12,4,2024-12
DGS30,RandomForest,3.7044336848294206,3.704557413337646,-0.00012372850822561787,0.00012372850822561787,0.005924517964691804,0.6620349286982153,0.007334460428911024,2024-12-30,2024,12,4,2024-12
DGS30,RandomForest,3.834079950101257,3.797179400121394,0.036900549979862696,0.036900549979862696,0.008946597441073319,0.6620349286982153,0.007334460428911024,2024-12-31,2024,12,4,2024-12
DGS30,RandomForest,3.8426215952645335,3.843265608051626,-0.0006440127870925849,0.0006440127870925849,0.008925797356657453,0.6620349286982153,0.007334460428911024,2025-01-01,2025,1,1,2025-01
DGS30,RandomForest,3.853645987259169,3.8552645362590656,-0.001618548999896774,0.001618548999896774,0.008356798793944476,0.6620349286982153,0.007334460428911024,2025-01-02,2025,1,1,2025-01
DGS30,RandomForest,3.821095516524292,3.817665149994396,0.003430366529896034,0.003430366529896034,0.00837346442483636,0.6620349286982153,0.007334460428911024,2025-01-03,2025,1,1,2025-01
DGS30,RandomForest,3.838609685139771,3.8405891571499335,-0.001979472010162464,0.001979472010162464,0.00837971166025288,0.6620349286982153,0.007334460428911024,2025-01-04,2025,1,1,2025-01
DGS30,RandomForest,3.838609685139771,3.8389956943122288,-0.00038600917245767974,0.00038600917245767974,0.008376184421831698,0.6620349286982153,0.007334460428911024,2025-01-05,2025,1,1,2025-01
DGS30,RandomForest,3.838609685139771,3.8391001614142297,-0.00049047627445864,0.00049047627445864,0.008311473946465585,0.6620349286982153,0.007334460428911024,2025-01-06,2025,1,1,2025-01
DGS30,RandomForest,3.786791795495851,3.7920247662339737,-0.0052329707381226775,0.0052329707381226775,0.00836597492030136,0.6620349286982153,0.007334460428911024,2025-01-07,2025,1,1,2025-01
DGS30,RandomForest,3.777915630406668,3.776971155356852,0.0009444750498159848,0.0009444750498159848,0.008367532102916216,0.6620349286982153,0.007334460428911024,2025-01-08,2025,1,1,2025-01
DGS30,RandomForest,3.678792454825325,3.6926320684019927,-0.013839613576667631,0.013839613576667631,0.008737803886076192,0.6620349286982153,0.007334460428911024,2025-01-09,2025,1,1,2025-01
DGS30,RandomForest,3.681592562450013,3.679255335386507,0.002337227063506031,0.002337227063506031,0.008728935852031192,0.6620349286982153,0.007334460428911024,2025-01-10,2025,1,1,2025-01
DGS30,RandomForest,3.620200079191517,3.6355533848421,-0.015353305650583238,0.015353305650583238,0.009166895508362789,0.6620349286982153,0.007334460428911024,2025-01-11,2025,1,1,2025-01
DGS30,RandomForest,3.620200079191517,3.6135036527396815,0.0066964264518354355,0.0066964264518354355,0.009207524237719205,0.6620349286982153,0.007334460428911024,2025-01-12,2025,1,1,2025-01
DGS30,RandomForest,3.620200079191517,3.6127140669300473,0.007486012261469721,0.007486012261469721,0.009307211512186003,0.6620349286982153,0.007334460428911024,2025-01-13,2025,1,1,2025-01
DGS30,RandomForest,3.656982085868608,3.67060087625925,-0.013618790390641955,0.013618790390641955,0.009631822962829417,0.6620349286982153,0.007334460428911024,2025-01-14,2025,1,1,2025-01
DGS30,RandomForest,3.607388857353066,3.624045018294325,-0.01665616094125877,0.01665616094125877,0.010098887554924706,0.6620349286982153,0.007334460428911024,2025-01-15,2025,1,1,2025-01
DGS30,RandomForest,3.607148633277419,3.607951608135144,-0.0008029748577249585,0.0008029748577249585,0.01008375728775216,0.6620349286982153,0.007334460428911024,2025-01-16,2025,1,1,2025-01
DGS30,RandomForest,3.660210067053756,3.659796819152625,0.00041324790113117515,0.00041324790113117515,0.010071939802997898,0.6620349286982153,0.007334460428911024,2025-01-17,2025,1,1,2025-01
DGS30,RandomForest,3.6184635878490266,3.6283626951999537,-0.009899107350927139,0.009899107350927139,0.010232288275970157,0.6620349286982153,0.007334460428911024,2025-01-18,2025,1,1,2025-01
DGS30,RandomForest,3.6184635878490266,3.607164831354416,0.01129875649461054,0.01129875649461054,0.010383403173457522,0.6620349286982153,0.007334460428911024,2025-01-19,2025,1,1,2025-01
DGS30,RandomForest,3.6184635878490266,3.607347355665128,0.011116232183898678,0.011116232183898678,0.010563703767170656,0.6620349286982153,0.007334460428911024,2025-01-20,2025,1,1,2025-01
DGS30,RandomForest,3.656129643412597,3.6660614754845393,-0.00993183207194237,0.00993183207194237,0.010647002836532927,0.6620349286982153,0.007334460428911024,2025-01-21,2025,1,1,2025-01
DGS30,RandomForest,3.725460375361717,3.723479760579452,0.0019806147822647446,0.0019806147822647446,0.010578568574655117,0.6620349286982153,0.007334460428911024,2025-01-22,2025,1,1,2025-01
DGS30,RandomForest,3.667901003091023,3.673398610408277,-0.005497607317253905,0.005497607317253905,0.010614962506342963,0.6620349286982153,0.007334460428911024,2025-01-23,2025,1,1,2025-01
DGS30,RandomForest,3.691613358151624,3.6896333644798096,0.0019799936718145617,0.0019799936718145617,0.010551818797340315,0.6620349286982153,0.007334460428911024,2025-01-24,2025,1,1,2025-01
DGS30,RandomForest,3.7198845285890094,3.722697476675019,-0.0028129480860097367,0.0028129480860097367,0.009911380624870203,0.6620349286982153,0.007334460428911024,2025-01-25,2025,1,1,2025-01
DGS30,RandomForest,3.7198845285890094,3.718871418818837,0.0010131097701724379,0.0010131097701724379,0.009865413473016315,0.6620349286982153,0.007334460428911024,2025-01-26,2025,1,1,2025-01
DGS30,RandomForest,3.7198845285890094,3.7185905404561055,0.0012939881329039338,0.0012939881329039338,0.009837397417272607,0.6620349286982153,0.007334460428911024,2025-01-27,2025,1,1,2025-01
DGS30,RandomForest,3.608668095669898,3.6409467134854983,-0.03227861781560026,0.03227861781560026,0.011467092128449275,0.6620349286982153,0.007334460428911024,2025-01-28,2025,1,1,2025-01
DGS30,RandomForest,3.6269674047755487,3.624690993272482,0.0022764115030668997,0.0022764115030668997,0.011474599189888723,0.6620349286982153,0.007334460428911024,2025-01-29,2025,1,1,2025-01
DGS30,RandomForest,3.6712257257615226,3.677191313290363,-0.005965587528840466,0.005965587528840466,0.009352237598218158,0.6620349286982153,0.007334460428911024,2025-01-30,2025,1,1,2025-01
DGS30,RandomForest,3.648935819965347,3.652718463798502,-0.003782643833154964,0.003782643833154964,0.009376964833577238,0.6620349286982153,0.007334460428911024,2025-01-31,2025,1,1,2025-01
DGS30,RandomForest,3.62966072916985,3.636168502928775,-0.006507773758924973,0.006507773758924973,0.009447319731254665,0.6620349286982153,0.007334460428911024,2025-02-01,2025,2,1,2025-02
DGS30,RandomForest,3.62966072916985,3.611264374221896,0.01839635494795422,0.01839635494795422,0.01000702080870942,0.6620349286982153,0.007334460428911024,2025-02-02,2025,2,1,2025-02
DGS30,RandomForest,3.62966072916985,3.609634457397821,0.02002627177202898,0.02002627177202898,0.010647921887433322,0.6620349286982153,0.007334460428911024,2025-02-03,2025,2,1,2025-02
DGS30,RandomForest,3.704742026572839,3.7020872707523584,0.002654755820480581,0.002654755820480581,0.010658714652045063,0.6620349286982153,0.007334460428911024,2025-02-04,2025,2,1,2025-02
DGS30,RandomForest,3.714042498933292,3.712371878763092,0.0016706201701999213,0.0016706201701999213,0.010662701886777846,0.6620349286982153,0.007334460428911024,2025-02-05,2025,2,1,2025-02
DGS30,RandomForest,3.6903430372921022,3.68691060607264,0.0034324312194620177,0.0034324312194620177,0.010638286119983744,0.6620349286982153,0.007334460428911024,2025-02-06,2025,2,1,2025-02
DGS30,RandomForest,3.697466356687624,3.695265394425964,0.002200962261659889,0.002200962261659889,0.010644476108725268,0.6620349286982153,0.007334460428911024,2025-02-07,2025,2,1,2025-02
DGS30,RandomForest,3.72616395542177,3.726977099887032,-0.000813144465262372,0.000813144465262372,0.010341296580291716,0.6620349286982153,0.007334460428911024,2025-02-08,2025,2,1,2025-02
DGS30,RandomForest,3.72616395542177,3.725557491499048,0.0006064639227219004,0.0006064639227219004,0.010333082174888208,0.6620349286982153,0.007334460428911024,2025-02-09,2025,2,1,2025-02
DGS30,RandomForest,3.72616395542177,3.725584766413055,0.0005791890087150087,0.0005791890087150087,0.00994617025542555,0.6620349286982153,0.007334460428911024,2025-02-10,2025,2,1,2025-02
DGS30,RandomForest,3.763349589715861,3.766627573910615,-0.0032779841947543353,0.0032779841947543353,0.009888869392155969,0.6620349286982153,0.007334460428911024,2025-02-11,2025,2,1,2025-02
DGS30,RandomForest,3.6764767329030494,3.693309510157161,-0.016832777254111697,0.016832777254111697,0.010264817170252377,0.6620349286982153,0.007334460428911024,2025-02-12,2025,2,1,2025-02
DGS30,RandomForest,3.621121713753843,3.635605828286999,-0.01448411453315579,0.01448411453315579,0.010304226104316897,0.6620349286982153,0.007334460428911024,2025-02-13,2025,2,1,2025-02
DGS30,RandomForest,3.661592005215006,3.6770989826092175,-0.015506977394211585,0.015506977394211585,0.010244268184160429,0.6620349286982153,0.007334460428911024,2025-02-14,2025,2,1,2025-02
DGS30,RandomForest,3.619256757365677,3.631734499316975,-0.012477741951298249,0.012477741951298249,0.010493490354264239,0.6620349286982153,0.007334460428911024,2025-02-15,2025,2,1,2025-02
DGS30,RandomForest,3.619256757365677,3.612429622005882,0.006827135359794845,0.006827135359794845,0.010566991369108287,0.6620349286982153,0.007334460428911024,2025-02-16,2025,2,1,2025-02
DGS30,RandomForest,3.619256757365677,3.611381367474321,0.007875389891355944,0.007875389891355944,0.010510104086766477,0.6620349286982153,0.007334460428911024,2025-02-17,2025,2,1,2025-02
DGS30,RandomForest,3.726821295885807,3.712993918252696,0.013827377633111038,0.013827377633111038,0.010610377170996511,0.6620349286982153,0.007334460428911024,2025-02-18,2025,2,1,2025-02
DGS30,RandomForest,3.74085273006589,3.74224771858847,-0.0013949885225801317,0.0013949885225801317,0.010417578871529127,0.6620349286982153,0.007334460428911024,2025-02-19,2025,2,1,2025-02
DGS30,RandomForest,3.801897125229078,3.80024661689642,0.0016505083326578962,0.0016505083326578962,0.010262977761167911,0.6620349286982153,0.007334460428911024,2025-02-20,2025,2,1,2025-02
DGS30,RandomForest,3.8208794753623887,3.821702628437084,-0.0008231530746951599,0.0008231530746951599,0.010257706244340508,0.6620349286982153,0.007334460428911024,2025-02-21,2025,2,1,2025-02
DGS30,RandomForest,3.815876712993072,3.8173770308196966,-0.0015003178266246309,0.0015003178266246309,0.010212155158146314,0.6620349286982153,0.007334460428911024,2025-02-22,2025,2,1,2025-02
DGS30,RandomForest,3.815876712993072,3.816379138893703,-0.0005024259006312093,0.0005024259006312093,0.01020616716511285,0.6620349286982153,0.007334460428911024,2025-02-23,2025,2,1,2025-02
DGS30,RandomForest,3.815876712993072,3.816394874818847,-0.0005181618257750209,0.0005181618257750209,0.010193676570648975,0.6620349286982153,0.007334460428911024,2025-02-24,2025,2,1,2025-02
DGS30,RandomForest,3.817327077166927,3.8167529248124,0.0005741523545270688,0.0005741523545270688,0.01019253733592986,0.6620349286982153,0.007334460428911024,2025-02-25,2025,2,1,2025-02
DGS30,RandomForest,3.807195281087088,3.8094066413122216,-0.002211360225133685,0.002211360225133685,0.010197794253476144,0.6620349286982153,0.007334460428911024,2025-02-26,2025,2,1,2025-02
DGS30,RandomForest,3.828025854538647,3.8305488975805217,-0.002523043041874562,0.002523043041874562,0.008335280053668457,0.6620349286982153,0.007334460428911024,2025-02-27,2025,2,1,2025-02
DGS30,RandomForest,3.740077173561573,3.746319246506972,-0.006242072945398913,0.006242072945398913,0.00840255562813458,0.6620349286982153,0.007334460428911024,2025-02-28,2025,2,1,2025-02
DGS30,RandomForest,3.794849684792601,3.7929354791062337,0.001914205686367243,0.001914205686367243,0.008338993107408805,0.6620349286982153,0.007334460428911024,2025-03-01,2025,3,1,2025-03
DGS30,RandomForest,3.794849684792601,3.7946369813701857,0.0002127034224153057,0.0002127034224153057,0.008310437272369705,0.6620349286982153,0.007334460428911024,2025-03-02,2025,3,1,2025-03
DGS30,RandomForest,3.794849684792601,3.794638450236535,0.0002112345560658646,0.0002112345560658646,0.008225153555770397,0.6620349286982153,0.007334460428911024,2025-03-03,2025,3,1,2025-03
DGS30,RandomForest,3.767449719569498,3.763290097113705,0.004159622455792711,0.004159622455792711,0.007546458582416188,0.6620349286982153,0.007334460428911024,2025-03-04,2025,3,1,2025-03
DGS30,RandomForest,3.780012983715767,3.7779952037500113,0.002017779965755917,0.002017779965755917,0.006611835320057332,0.6620349286982153,0.007334460428911024,2025-03-05,2025,3,1,2025-03
DGS30,RandomForest,3.797841272218401,3.798702531372032,-0.0008612591536309999,0.0008612591536309999,0.006595920526734858,0.6620349286982153,0.007334460428911024,2025-03-06,2025,3,1,2025-03
DGS30,RandomForest,3.785972468203443,3.786429483536239,-0.0004570153327962956,0.0004570153327962956,0.006589392787177989,0.6620349286982153,0.007334460428911024,2025-03-07,2025,3,1,2025-03
DGS30,RandomForest,3.784126403250451,3.7847487467076233,-0.0006223434571723807,0.0006223434571723807,0.006560509752587185,0.6620349286982153,0.007334460428911024,2025-03-08,2025,3,1,2025-03
DGS30,RandomForest,3.784126403250451,3.785387783523683,-0.0012613802732319712,0.0012613802732319712,0.006552240053931161,0.6620349286982153,0.007334460428911024,2025-03-09,2025,3,1,2025-03
DGS30,RandomForest,3.784126403250451,3.7854013882789417,-0.0012749850284907716,0.0012749850284907716,0.006554692656490929,0.6620349286982153,0.007334460428911024,2025-03-10,2025,3,1,2025-03
DGS30,RandomForest,3.8001812095689225,3.7998550554360175,0.0003261541329049322,0.0003261541329049322,0.006554027903156275,0.6620349286982153,0.007334460428911024,2025-03-11,2025,3,1,2025-03
DGS30,RandomForest,3.8073782060014256,3.807738864290864,-0.0003606582894382093,0.0003606582894382093,0.006553505594093529,0.6620349286982153,0.007334460428911024,2025-03-12,2025,3,1,2025-03
DGS30,RandomForest,3.8605102943346297,3.8646403603970696,-0.00413006606243993,0.00413006606243993,0.006569539132626971,0.6620349286982153,0.007334460428911024,2025-03-13,2025,3,1,2025-03
DGS30,RandomForest,3.898895519352581,3.901788448364447,-0.0028929290118662188,0.0028929290118662188,0.00583035728074667,0.6620349286982153,0.007334460428911024,2025-03-14,2025,3,1,2025-03
DGS30,RandomForest,3.828399211436112,3.8355552739133647,-0.007156062477252867,0.007156062477252867,0.0053578964684642275,0.6620349286982153,0.007334460428911024,2025-03-15,2025,3,1,2025-03
DGS30,RandomForest,3.828399211436112,3.826653922297474,0.0017452891386380287,0.0017452891386380287,0.004559939046655127,0.6620349286982153,0.007334460428911024,2025-03-16,2025,3,1,2025-03
DGS30,RandomForest,3.828399211436112,3.8267629807008574,0.0016362307352544292,0.0016362307352544292,0.0039613740465151105,0.6620349286982153,0.007334460428911024,2025-03-17,2025,3,1,2025-03
DGS30,RandomForest,3.873003320780133,3.872759476340567,0.0002438444395660433,0.0002438444395660433,0.0037604264517997208,0.6620349286982153,0.007334460428911024,2025-03-18,2025,3,1,2025-03
DGS30,RandomForest,3.8217564418781937,3.825848982676094,-0.004092540797900224,0.004092540797900224,0.003554111877921391,0.6620349286982153,0.007334460428911024,2025-03-19,2025,3,1,2025-03
DGS30,RandomForest,3.8043526140082338,3.802250439133787,0.0021021748744467494,0.0021021748744467494,0.002530968880472149,0.6620349286982153,0.007334460428911024,2025-03-20,2025,3,1,2025-03
DGS30,RandomForest,3.785702082623751,3.785144763421891,0.0005573192018601958,0.0005573192018601958,0.002520176686479112,0.6620349286982153,0.007334460428911024,2025-03-21,2025,3,1,2025-03
DGS30,RandomForest,3.794654687479005,3.791444315808514,0.0032103716704909857,0.0032103716704909857,0.0025698315407739797,0.6620349286982153,0.007334460428911024,2025-03-22,2025,3,1,2025-03
DGS30,RandomForest,3.794654687479005,3.7946589189888313,-4.231509826535529e-06,4.231509826535529e-06,0.0025654334355036273,0.6620349286982153,0.007334460428911024,2025-03-23,2025,3,1,2025-03
DGS30,RandomForest,3.794654687479005,3.794680613869607,-2.5926390602393212e-05,2.5926390602393212e-05,0.002550772301067792,0.6620349286982153,0.007334460428911024,2025-03-24,2025,3,1,2025-03
DGS30,RandomForest,3.822521375756719,3.8193374854233655,0.003183890333353645,0.003183890333353645,0.0026145611857826675,0.6620349286982153,0.007334460428911024,2025-03-25,2025,3,1,2025-03
DGS30,RandomForest,3.794539304713253,3.793764418200461,0.0007748865127923388,0.0007748865127923388,0.002616676411379233,0.6620349286982153,0.007334460428911024,2025-03-26,2025,3,1,2025-03
DGS30,RandomForest,3.8402791252996336,3.838294612117221,0.0019845131824127726,0.0019845131824127726,0.0026395612318528506,0.6620349286982153,0.007334460428911024,2025-03-27,2025,3,1,2025-03
DGS30,RandomForest,3.830540744232261,3.832918281528527,-0.002377537296265775,0.002377537296265775,0.0026443718501177023,0.6620349286982153,0.007334460428911024,2025-03-28,2025,3,1,2025-03
DGS30,RandomForest,3.827951851056648,3.827667052981324,0.00028479807532377777,0.00028479807532377777,0.0026044605212558196,0.6620349286982153,0.007334460428911024,2025-03-29,2025,3,1,2025-03
DGS30,RandomForest,3.827951851056648,3.827390829107792,0.0005610219488558776,0.0005610219488558776,0.0023441253462988497,0.6620349286982153,0.007334460428911024,2025-03-30,2025,3,1,2025-03
DGS30,RandomForest,3.827951851056648,3.827244848207854,0.0007070028487938806,0.0007070028487938806,0.002321518029173318,0.6620349286982153,0.007334460428911024,2025-03-31,2025,3,1,2025-03
DGS30,RandomForest,3.877106087328905,3.874207060215358,0.002899027113546726,0.002899027113546726,0.0023807736435346315,0.6620349286982153,0.007334460428911024,2025-04-01,2025,4,2,2025-04
DGS30,RandomForest,3.86632714285205,3.864124947824588,0.002202195027461773,0.002202195027461773,0.002414177134855518,0.6620349286982153,0.007334460428911024,2025-04-02,2025,4,2,2025-04
DGS30,RandomForest,3.8820309417004393,3.8809057590847504,0.0011251826156888356,0.0011251826156888356,0.0023008050337341296,0.6620349286982153,0.007334460428911024,2025-04-03,2025,4,2,2025-04
DGS30,RandomForest,3.939858353917741,3.932677665095077,0.007180688822663761,0.007180688822663761,0.0026223524431027677,0.6620349286982153,0.007334460428911024,2025-04-04,2025,4,2,2025-04
DGS30,RandomForest,3.932697268376352,3.943871762021679,-0.0111744936453273,0.0111744936453273,0.0033187824623655713,0.6620349286982153,0.007334460428911024,2025-04-05,2025,4,2,2025-04
DGS30,RandomForest,3.932697268376352,3.93224034533106,0.00045692304529199035,0.00045692304529199035,0.003318782038791071,0.6620349286982153,0.007334460428911024,2025-04-06,2025,4,2,2025-04
DGS30,RandomForest,3.932697268376352,3.932752467153625,-5.5198777273002264e-05,5.5198777273002264e-05,0.003316851730966147,0.6620349286982153,0.007334460428911024,2025-04-07,2025,4,2,2025-04
DGS30,RandomForest,3.8053968823188895,3.8372896926577984,-0.031892810338908895,0.031892810338908895,0.006697276643721957,0.6620349286982153,0.007334460428911024,2025-04-08,2025,4,2,2025-04
DGS30,RandomForest,3.834725614605014,3.8338441200198616,0.0008814945851525202,0.0008814945851525202,0.006695164621220021,0.6620349286982153,0.007334460428911024,2025-04-09,2025,4,2,2025-04
DGS30,RandomForest,3.822753916858296,3.827354084860179,-0.004600168001883009,0.004600168001883009,0.006747374917413498,0.6620349286982153,0.007334460428911024,2025-04-10,2025,4,2,2025-04
DGS30,RandomForest,3.8359933108834143,3.83971867974095,-0.003725368857535827,0.003725368857535827,0.006781249508773393,0.6620349286982153,0.007334460428911024,2025-04-11,2025,4,2,2025-04
DGS30,RandomForest,3.7244114468986895,3.736805875146912,-0.012394428248222678,0.012394428248222678,0.007108972623681061,0.6620349286982153,0.007334460428911024,2025-04-12,2025,4,2,2025-04
DGS30,RandomForest,3.7244114468986895,3.724467654293026,-5.620739433664923e-05,5.620739433664923e-05,0.007089332065225149,0.6620349286982153,0.007334460428911024,2025-04-13,2025,4,2,2025-04
DGS30,RandomForest,3.7244114468986895,3.724374096089981,3.735080870859164e-05,3.735080870859164e-05,0.0069679050865030425,0.6620349286982153,0.007334460428911024,2025-04-14,2025,4,2,2025-04
DGS30,RandomForest,3.8727527744963366,3.830531839311884,0.04222093518445247,0.04222093518445247,0.010386068188536246,0.6620349286982153,0.007334460428911024,2025-04-15,2025,4,2,2025-04
DGS30,RandomForest,3.882907805210608,3.8767370720481207,0.006170733162487174,0.006170733162487174,0.01044272165873017,0.6620349286982153,0.007334460428911024,2025-04-16,2025,4,2,2025-04
DGS30,RandomForest,3.834672230269913,3.831832941264279,0.002839289005634349,0.002839289005634349,0.010455485276794782,0.6620349286982153,0.007334460428911024,2025-04-17,2025,4,2,2025-04
DGS30,RandomForest,3.815559497515516,3.814585568761552,0.0009739287539636265,0.0009739287539636265,0.01043026816247389,0.6620349286982153,0.007334460428911024,2025-04-18,2025,4,2,2025-04
DGS30,RandomForest,3.773431332934712,3.772316942121024,0.0011143908136879155,0.0011143908136879155,0.010425189919799016,0.6620349286982153,0.007334460428911024,2025-04-19,2025,4,2,2025-04
DGS30,RandomForest,3.773431332934712,3.773333127355019,9.820557969275612e-05,9.820557969275612e-05,0.010424708765811303,0.6620349286982153,0.007334460428911024,2025-04-20,2025,4,2,2025-04
DGS30,RandomForest,3.773431332934712,3.77321970784103,0.00021162509368188864,0.00021162509368188864,0.010408289780229788,0.6620349286982153,0.007334460428911024,2025-04-21,2025,4,2,2025-04
DGS30,RandomForest,3.7654395916196703,3.764028602425797,0.001410989193873391,0.001410989193873391,0.010411477252014766,0.6620349286982153,0.007334460428911024,2025-04-22,2025,4,2,2025-04
DGS30,RandomForest,3.870421904705154,3.858495753625409,0.011926151079744596,0.011926151079744596,0.010636725944380617,0.6620349286982153,0.007334460428911024,2025-04-23,2025,4,2,2025-04
DGS30,RandomForest,3.866509257782986,3.8654917978294105,0.0010174599535752726,0.0010174599535752726,0.01062245456815906,0.6620349286982153,0.007334460428911024,2025-04-24,2025,4,2,2025-04
DGS30,RandomForest,3.834888653404644,3.8308180348803775,0.004070618524266489,0.004070618524266489,0.010647481263410754,0.6620349286982153,0.007334460428911024,2025-04-25,2025,4,2,2025-04
DGS30,RandomForest,3.849686742694315,3.848988399449168,0.0006983432451472815,0.0006983432451472815,0.010642078600783096,0.6620349286982153,0.007334460428911024,2025-04-26,2025,4,2,2025-04
DGS30,RandomForest,3.849686742694315,3.8498894305660025,-0.00020268787168742364,0.00020268787168742364,0.010633286583704275,0.6620349286982153,0.007334460428911024,2025-04-27,2025,4,2,2025-04
DGS30,RandomForest,3.849686742694315,3.849657347206466,2.9395487849193103e-05,2.9395487849193103e-05,0.010633160805214596,0.6620349286982153,0.007334460428911024,2025-04-28,2025,4,2,2025-04
DGS30,RandomForest,3.793392034097492,3.7946976535473937,-0.0013056194499019291,0.0013056194499019291,0.010635339138625563,0.6620349286982153,0.007334460428911024,2025-04-29,2025,4,2,2025-04
DGS30,RandomForest,3.8167357743860135,3.8161084713195295,0.000627303066484064,0.000627303066484064,0.010635172485541296,0.6620349286982153,0.007334460428911024,2025-04-30,2025,4,2,2025-04
DGS30,RandomForest,3.8795142010037913,3.877298767016272,0.002215433987519333,0.002215433987519333,0.010629692067450208,0.6620349286982153,0.007334460428911024,2025-05-01,2025,5,2,2025-05
DGS30,RandomForest,3.801204276154778,3.796463131542275,0.004741144612502968,0.004741144612502968,0.010657297019354242,0.6620349286982153,0.007334460428911024,2025-05-02,2025,5,2,2025-05
DGS30,RandomForest,3.8113896840782577,3.811810073468272,-0.0004203893900140976,0.0004203893900140976,0.010655593341969421,0.6620349286982153,0.007334460428911024,2025-05-03,2025,5,2,2025-05
DGS30,RandomForest,3.8113896840782577,3.812645013258168,-0.0012553291799104471,0.0012553291799104471,0.010577119399068757,0.6620349286982153,0.007334460428911024,2025-05-04,2025,5,2,2025-05
DGS30,RandomForest,3.8113896840782577,3.812279206212523,-0.000889522134265075,0.000889522134265075,0.0103797649055949,0.6620349286982153,0.007334460428911024,2025-05-05,2025,5,2,2025-05
DGS30,RandomForest,3.6606297291308914,3.7251596995403817,-0.06452997040949038,0.06452997040949038,0.015701479640724915,0.6620349286982153,0.007334460428911024,2025-05-06,2025,5,2,2025-05
DGS30,RandomForest,3.6565984406911687,3.65557829125452,0.001020149436648854,0.001020149436648854,0.01570258104602664,0.6620349286982153,0.007334460428911024,2025-05-07,2025,5,2,2025-05
DGS30,RandomForest,3.651310813526548,3.654315349059495,-0.0030045355329471057,0.0030045355329471057,0.01459338597637777,0.6620349286982153,0.007334460428911024,2025-05-08,2025,5,2,2025-05
DGS30,RandomForest,3.749644850121903,3.741295830403353,0.008349019718550288,0.008349019718550288,0.014671896634067991,0.6620349286982153,0.007334460428911024,2025-05-09,2025,5,2,2025-05
DGS30,RandomForest,3.791156875027896,3.7964961049182064,-0.005339229890310548,0.005339229890310548,0.014680238821171934,0.6620349286982153,0.007334460428911024,2025-05-10,2025,5,2,2025-05
DGS30,RandomForest,3.791156875027896,3.790638507518738,0.0005183675091577911,0.0005183675091577911,0.014664779447312029,0.6620349286982153,0.007334460428911024,2025-05-11,2025,5,2,2025-05
DGS30,RandomForest,3.791156875027896,3.790611510885967,0.0005453641419288502,0.0005453641419288502,0.014489476937414638,0.6620349286982153,0.007334460428911024,2025-05-12,2025,5,2,2025-05
DGS30,RandomForest,3.825701218326912,3.822864345860566,0.0028368724663461187,0.0028368724663461187,0.014498727465672353,0.6620349286982153,0.007334460428911024,2025-05-13,2025,5,2,2025-05
DGS30,RandomForest,3.762460093168968,3.7600992021398514,0.0023608910291166296,0.0023608910291166296,0.014505131683975051,0.6620349286982153,0.007334460428911024,2025-05-14,2025,5,2,2025-05
DGS30,RandomForest,3.688201637102249,3.69864077592837,-0.01043913882612113,0.01043913882612113,0.01243427200209834,0.6620349286982153,0.007334460428911024,2025-05-15,2025,5,2,2025-05
DGS30,RandomForest,3.714358700601216,3.712932637278803,0.0014260633224130181,0.0014260633224130181,0.012385864679143875,0.6620349286982153,0.007334460428911024,2025-05-16,2025,5,2,2025-05
DGS30,RandomForest,3.710411926863869,3.711757542348177,-0.0013456154843081158,0.0013456154843081158,0.012377450510876633,0.6620349286982153,0.007334460428911024,2025-05-17,2025,5,2,2025-05
DGS30,RandomForest,3.710411926863869,3.7096410795927217,0.0007708472711471792,0.0007708472711471792,0.012376973381746233,0.6620349286982153,0.007334460428911024,2025-05-18,2025,5,2,2025-05
DGS30,RandomForest,3.710411926863869,3.709543618056522,0.0008683088073468959,0.0008683088073468959,0.012376316355675637,0.6620349286982153,0.007334460428911024,2025-05-19,2025,5,2,2025-05
DGS30,RandomForest,3.776368997727177,3.7712377686810585,0.005131229046118513,0.005131229046118513,0.012411709609962114,0.6620349286982153,0.007334460428911024,2025-05-20,2025,5,2,2025-05
DGS30,RandomForest,3.7341519918842185,3.7363310636767735,-0.002179071792554943,0.002179071792554943,0.01241802404029134,0.6620349286982153,0.007334460428911024,2025-05-21,2025,5,2,2025-05
DGS30,RandomForest,3.817888478712,3.820040845002069,-0.0021523662900686524,0.0021523662900686524,0.012421569173684682,0.6620349286982153,0.007334460428911024,2025-05-22,2025,5,2,2025-05
DGS30,RandomForest,3.81000276564926,3.811458487333293,-0.0014557216840329623,0.0014557216840329623,0.012232126372989389,0.6620349286982153,0.007334460428911024,2025-05-23,2025,5,2,2025-05
DGS30,RandomForest,3.847126330238563,3.8479100745392936,-0.0007837443007305822,0.0007837443007305822,0.012231552774845984,0.6620349286982153,0.007334460428911024,2025-05-24,2025,5,2,2025-05
DGS30,RandomForest,3.847126330238563,3.847206427469009,-8.009723044599681e-05,8.009723044599681e-05,0.012208962526100103,0.6620349286982153,0.007334460428911024,2025-05-25,2025,5,2,2025-05
DGS30,RandomForest,3.847126330238563,3.8469173375071257,0.00020899273143726305,0.00020899273143726305,0.012208356391675949,0.6620349286982153,0.007334460428911024,2025-05-26,2025,5,2,2025-05
DGS30,RandomForest,3.819816190172256,3.81831793845696,0.0014982517152959396,0.0014982517152959396,0.012211364446577768,0.6620349286982153,0.007334460428911024,2025-05-27,2025,5,2,2025-05
DGS30,RandomForest,3.722211201354022,3.73110261341748,-0.008891412063457782,0.008891412063457782,0.012318791869608268,0.6620349286982153,0.007334460428911024,2025-05-28,2025,5,2,2025-05
DGS30,RandomForest,3.715229091222549,3.7161314153902247,-0.0009023241676757721,0.0009023241676757721,0.01231758707506928,0.6620349286982153,0.007334460428911024,2025-05-29,2025,5,2,2025-05
DGS30,RandomForest,3.689847362878434,3.6897943168209575,5.3046057476358044e-05,5.3046057476358044e-05,0.012317058422237574,0.6620349286982153,0.007334460428911024,2025-05-30,2025,5,2,2025-05
DGS30,RandomForest,3.673602502415894,3.6777088567612,-0.004106354345306151,0.004106354345306151,0.012333223211527156,0.6620349286982153,0.007334460428911024,2025-05-31,2025,5,2,2025-05
DGS30,RandomForest,3.673602502415894,3.672673679531671,0.000928822884223024,0.000928822884223024,0.012303977816508714,0.6620349286982153,0.007334460428911024,2025-06-01,2025,6,2,2025-06
DGS30,RandomForest,3.673602502415894,3.672864491678236,0.0007380107376580014,0.0007380107376580014,0.012304476198906665,0.6620349286982153,0.007334460428911024,2025-06-02,2025,6,2,2025-06
DGS30,RandomForest,3.673231245850445,3.6729005269423594,0.0003307189080854478,0.0003307189080854478,0.012302489666093402,0.6620349286982153,0.007334460428911024,2025-06-03,2025,6,2,2025-06
DGS30,RandomForest,3.696620676502038,3.695589713896604,0.0010309626054341159,0.0010309626054341159,0.01230285765421528,0.6620349286982153,0.007334460428911024,2025-06-04,2025,6,2,2025-06
DGS30,RandomForest,3.7061946642493298,3.7065033766817055,-0.0003087124323757351,0.0003087124323757351,0.0035439498496861025,0.6620349286982153,0.007334460428911024,2025-06-05,2025,6,2,2025-06
DGS30,RandomForest,3.692278907671698,3.690954911431681,0.0013239962400173333,0.0013239962400173333,0.0035472979260426263,0.6620349286982153,0.007334460428911024,2025-06-06,2025,6,2,2025-06
DGS30,RandomForest,3.73718860792761,3.738371034294157,-0.0011824263665469736,0.0011824263665469736,0.003511270309668346,0.6620349286982153,0.007334460428911024,2025-06-07,2025,6,2,2025-06
DGS30,RandomForest,3.73718860792761,3.738942051958068,-0.0017534440304576293,0.0017534440304576293,0.0031793029180097496,0.6620349286982153,0.007334460428911024,2025-06-08,2025,6,2,2025-06
DGS30,RandomForest,3.73718860792761,3.738959785501897,-0.0017711775742865754,0.0017711775742865754,0.0030434010882127104,0.6620349286982153,0.007334460428911024,2025-06-09,2025,6,2,2025-06
DGS30,RandomForest,3.7452786748865794,3.750460977864375,-0.005182302977795761,0.005182302977795761,0.003185677660985962,0.6620349286982153,0.007334460428911024,2025-06-10,2025,6,2,2025-06
DGS30,RandomForest,3.7666708983065655,3.7661001502261424,0.0005707480804231224,0.0005707480804231224,0.0031858258799205928,0.6620349286982153,0.007334460428911024,2025-06-11,2025,6,2,2025-06
DGS30,RandomForest,3.768880106250093,3.76951620835706,-0.0006361021069669626,0.0006361021069669626,0.0031455862019414316,0.6620349286982153,0.007334460428911024,2025-06-12,2025,6,2,2025-06
DGS30,RandomForest,3.769759538780655,3.77057993740739,-0.0008203986267352192,0.0008203986267352192,0.0031195118425308968,0.6620349286982153,0.007334460428911024,2025-06-13,2025,6,2,2025-06
DGS30,RandomForest,3.720158333804191,3.721183717580772,-0.0010253837765810125,0.0010253837765810125,0.0024766672265295097,0.6620349286982153,0.007334460428911024,2025-06-14,2025,6,2,2025-06
DGS30,RandomForest,3.720158333804191,3.7188182387552273,0.0013400950489637076,0.0013400950489637076,0.0024750664278606516,0.6620349286982153,0.007334460428911024,2025-06-15,2025,6,2,2025-06
DGS30,RandomForest,3.720158333804191,3.718753025511573,0.0014053082926182014,0.0014053082926182014,0.002476171944994789,0.6620349286982153,0.007334460428911024,2025-06-16,2025,6,2,2025-06
DGS30,RandomForest,3.7970701162732254,3.8007699281345375,-0.0036998118613120745,0.0036998118613120745,0.0025627929252350764,0.6620349286982153,0.007334460428911024,2025-06-17,2025,6,2,2025-06
DGS30,RandomForest,3.7676962342433566,3.764418586802708,0.0032776474406488454,0.0032776474406488454,0.0026269515912893185,0.6620349286982153,0.007334460428911024,2025-06-18,2025,6,2,2025-06
DGS30,RandomForest,3.787367465832799,3.7862028938521592,0.0011645719806399057,0.0011645719806399057,0.0024634187373356146,0.6620349286982153,0.007334460428911024,2025-06-19,2025,6,2,2025-06
DGS30,RandomForest,3.7991573136795935,3.79491106571134,0.00424624796825368,0.00424624796825368,0.0025517002448986552,0.6620349286982153,0.007334460428911024,2025-06-20,2025,6,2,2025-06
DGS30,RandomForest,3.810697620757465,3.8106643627774655,3.325797999975677e-05,3.325797999975677e-05,0.0025212672054682173,0.6620349286982153,0.007334460428911024,2025-06-21,2025,6,2,2025-06
DGS30,RandomForest,3.810697620757465,3.810588729184529,0.00010889157293636487,0.00010889157293636487,0.0025072985555133387,0.6620349286982153,0.007334460428911024,2025-06-22,2025,6,2,2025-06
DGS30,RandomForest,3.810697620757465,3.810466053185756,0.00023156757170905706,0.00023156757170905706,0.0025035691176512904,0.6620349286982153,0.007334460428911024,2025-06-23,2025,6,2,2025-06
DGS30,RandomForest,3.817270596914425,3.8150240943685914,0.002246502545833806,0.002246502545833806,0.0025369017056758457,0.6620349286982153,0.007334460428911024,2025-06-24,2025,6,2,2025-06
DGS30,RandomForest,3.8072656057669207,3.810007368778489,-0.0027417630115680325,0.0027417630115680325,0.00258553472469197,0.6620349286982153,0.007334460428911024,2025-06-25,2025,6,2,2025-06
DGS30,RandomForest,3.798386388678945,3.8028350083382754,-0.004448619659330522,0.004448619659330522,0.002696263791796803,0.6620349286982153,0.007334460428911024,2025-06-26,2025,6,2,2025-06
DGS30,RandomForest,3.811232678321188,3.810715329953753,0.0005173483674352219,0.0005173483674352219,0.0021548827802591298,0.6620349286982153,0.007334460428911024,2025-06-27,2025,6,2,2025-06
DGS30,RandomForest,3.739255065611364,3.7474698420795054,-0.008214776468141505,0.008214776468141505,0.0026202668910989403,0.6620349286982153,0.007334460428911024,2025-06-28,2025,6,2,2025-06
DGS30,RandomForest,3.739255065611364,3.742010576437822,-0.002755510826458085,0.002755510826458085,0.0026681078404504387,0.6620349286982153,0.007334460428911024,2025-06-29,2025,6,2,2025-06
DGS30,RandomForest,3.739255065611364,3.7411661826208737,-0.001911117009509855,0.001911117009509855,0.0025842742737760137,0.6620349286982153,0.007334460428911024,2025-06-30,2025,6,2,2025-06
DGS30,RandomForest,3.750952002917644,3.755401511749181,-0.004449508831536608,0.004449508831536608,0.002703637195549002,0.6620349286982153,0.007334460428911024,2025-07-01,2025,7,3,2025-07
DGS30,RandomForest,3.723659910658855,3.723813900924149,-0.0001539902652938352,0.0001539902652938352,0.0027004238908462067,0.6620349286982153,0.007334460428911024,2025-07-02,2025,7,3,2025-07
DGS30,RandomForest,3.714811829063324,3.7166781224530094,-0.0018662933896855805,0.0018662933896855805,0.0027211661209109585,0.6620349286982153,0.007334460428911024,2025-07-03,2025,7,3,2025-07
DGS30,RandomForest,3.740268336345751,3.739829426487302,0.0004389098584489659,0.0004389098584489659,0.00271583081025462,0.6620349286982153,0.007334460428911024,2025-07-04,2025,7,3,2025-07
DGS30,RandomForest,3.71320422539189,3.7140469710870017,-0.0008427456951114465,0.0008427456951114465,0.0027196018497724597,0.6620349286982153,0.007334460428911024,2025-07-05,2025,7,3,2025-07
DGS30,RandomForest,3.71320422539189,3.7105455080090337,0.0026587173828565014,0.0026587173828565014,0.0027519861840550534,0.6620349286982153,0.007334460428911024,2025-07-06,2025,7,3,2025-07
DGS30,RandomForest,3.71320422539189,3.710524955951605,0.0026792694402852923,0.0026792694402852923,0.0027867734708693615,0.6620349286982153,0.007334460428911024,2025-07-07,2025,7,3,2025-07
DGS30,RandomForest,3.6362502078662367,3.640801141796262,-0.004550933930025369,0.004550933930025369,0.0028903265386789013,0.6620349286982153,0.007334460428911024,2025-07-08,2025,7,3,2025-07
DGS30,RandomForest,3.708443769662937,3.7018714229173058,0.006572346745631119,0.006572346745631119,0.0031127602796173206,0.6620349286982153,0.007334460428911024,2025-07-09,2025,7,3,2025-07
DGS30,RandomForest,3.694992589688447,3.694765983224588,0.00022660646385919136,0.00022660646385919136,0.002965767933642656,0.6620349286982153,0.007334460428911024,2025-07-10,2025,7,3,2025-07
DGS30,RandomForest,3.7417122613476472,3.739933653815028,0.0017786075326191586,0.0017786075326191586,0.0029816722068355863,0.6620349286982153,0.007334460428911024,2025-07-11,2025,7,3,2025-07
DGS30,RandomForest,3.768365272976941,3.767000055029315,0.0013652179476260073,0.0013652179476260073,0.002989817545294396,0.6620349286982153,0.007334460428911024,2025-07-12,2025,7,3,2025-07
DGS30,RandomForest,3.768365272976941,3.7681510578708624,0.0002142151060784414,0.0002142151060784414,0.002986319378038398,0.6620349286982153,0.007334460428911024,2025-07-13,2025,7,3,2025-07
DGS30,RandomForest,3.768365272976941,3.7683622659390585,3.007037882252206e-06,3.007037882252206e-06,0.002980445716009775,0.6620349286982153,0.007334460428911024,2025-07-14,2025,7,3,2025-07
DGS30,RandomForest,3.681151322170843,3.694015594949577,-0.01286427277873381,0.01286427277873381,0.00378675480839837,0.6620349286982153,0.007334460428911024,2025-07-15,2025,7,3,2025-07
DGS30,RandomForest,3.730641941463211,3.7361930095866818,-0.005551068123470948,0.005551068123470948,0.003911627220147471,0.6620349286982153,0.007334460428911024,2025-07-16,2025,7,3,2025-07
DGS30,RandomForest,3.74818536059166,3.74969780009032,-0.0015124394986600898,0.0015124394986600898,0.003862743803351709,0.6620349286982153,0.007334460428911024,2025-07-17,2025,7,3,2025-07
DGS30,RandomForest,3.737506295030784,3.7388835494371735,-0.001377254406389472,0.001377254406389472,0.0038243846897886204,0.6620349286982153,0.007334460428911024,2025-07-18,2025,7,3,2025-07
DGS30,RandomForest,3.6994091072248456,3.703294793429399,-0.00388568620455354,0.00388568620455354,0.003883812032212914,0.6620349286982153,0.007334460428911024,2025-07-19,2025,7,3,2025-07
DGS30,RandomForest,3.6994091072248456,3.698428515538773,0.0009805916860727848,0.0009805916860727848,0.0038098592069075675,0.6620349286982153,0.007334460428911024,2025-07-20,2025,7,3,2025-07
DGS30,RandomForest,3.6994091072248456,3.6983297557898056,0.0010793514350400102,0.0010793514350400102,0.0038149473946606396,0.6620349286982153,0.007334460428911024,2025-07-21,2025,7,3,2025-07
DGS30,RandomForest,3.692704391369132,3.696042136724944,-0.003337745355811883,0.003337745355811883,0.003863260261344155,0.6620349286982153,0.007334460428911024,2025-07-22,2025,7,3,2025-07
DGS30,RandomForest,3.71444801845114,3.7141366506681313,0.0003113677830088868,0.0003113677830088868,0.0038634471730241804,0.6620349286982153,0.007334460428911024,2025-07-23,2025,7,3,2025-07
DGS30,RandomForest,3.7407094837224375,3.741912668915632,-0.0012031851931944004,0.0012031851931944004,0.0038478894764235817,0.6620349286982153,0.007334460428911024,2025-07-24,2025,7,3,2025-07
DGS30,RandomForest,3.712116422092001,3.7128084501260576,-0.0006920280340567686,0.0006920280340567686,0.0038172819347080727,0.6620349286982153,0.007334460428911024,2025-07-25,2025,7,3,2025-07
DGS30,RandomForest,3.757651330005276,3.7515404569319686,0.006110873073307488,0.006110873073307488,0.003893164068450197,0.6620349286982153,0.007334460428911024,2025-07-26,2025,7,3,2025-07
DGS30,RandomForest,3.757651330005276,3.7578562337553216,-0.00020490375004555972,0.00020490375004555972,0.003892197880074297,0.6620349286982153,0.007334460428911024,2025-07-27,2025,7,3,2025-07
DGS30,RandomForest,3.757651330005276,3.757572359737037,7.897026823888709e-05,7.897026823888709e-05,0.003591656136154926,0.6620349286982153,0.007334460428911024,2025-07-28,2025,7,3,2025-07
DGS30,RandomForest,3.80077389548508,3.801274165035151,-0.0005002695500713195,0.0005002695500713195,0.0035574206185539393,0.6620349286982153,0.007334460428911024,2025-07-29,2025,7,3,2025-07
DGS30,RandomForest,3.815852385101124,3.816390380364186,-0.0005379952630621965,0.0005379952630621965,0.003541630106784258,0.6620349286982153,0.007334460428911024,2025-07-30,2025,7,3,2025-07
DGS30,RandomForest,3.7500441835224616,3.749171732579998,0.0008724509424635762,0.0008724509424635762,0.00345088083539794,0.6620349286982153,0.007334460428911024,2025-07-31,2025,7,3,2025-07
DGS30,RandomForest,3.756809258472514,3.758108912256917,-0.0012996537844029987,0.0012996537844029987,0.003458914777600104,0.6620349286982153,0.007334460428911024,2025-08-01,2025,8,3,2025-08
DGS30,RandomForest,3.7360012680915498,3.735793572288227,0.00020769580332258286,0.00020769580332258286,0.0034422997627136086,0.6620349286982153,0.007334460428911024,2025-08-02,2025,8,3,2025-08
DGS30,RandomForest,3.7360012680915498,3.7355266341300384,0.0004746339615113726,0.0004746339615113726,0.0034424577713455507,0.6620349286982153,0.007334460428911024,2025-08-03,2025,8,3,2025-08
DGS30,RandomForest,3.7360012680915498,3.735723255076476,0.0002780130150736859,0.0002780130150736859,0.00343939207881685,0.6620349286982153,0.007334460428911024,2025-08-04,2025,8,3,2025-08
DGS30,RandomForest,3.6761941468845794,3.6865180928743,-0.010323945989720862,0.010323945989720862,0.003891861674621427,0.6620349286982153,0.007334460428911024,2025-08-05,2025,8,3,2025-08
DGS30,RandomForest,3.7073886440989736,3.7088811740225984,-0.001492529923624808,0.001492529923624808,0.003870601932821654,0.6620349286982153,0.007334460428911024,2025-08-06,2025,8,3,2025-08
DGS30,RandomForest,3.7189855186915697,3.715780996978791,0.0032045217127785186,0.0032045217127785186,0.003825374663319897,0.6620349286982153,0.007334460428911024,2025-08-07,2025,8,3,2025-08
DGS30,RandomForest,3.655751756642253,3.6567510819338858,-0.0009993252916329354,0.0009993252916329354,0.0036368835043976127,0.6620349286982153,0.007334460428911024,2025-08-08,2025,8,3,2025-08
DGS30,RandomForest,3.6476645120034448,3.652618796644505,-0.00495428464106018,0.00495428464106018,0.003747449063705273,0.6620349286982153,0.007334460428911024,2025-08-09,2025,8,3,2025-08
DGS30,RandomForest,3.6476645120034448,3.64865589082759,-0.0009913788241453503,0.0009913788241453503,0.0037377382723149575,0.6620349286982153,0.007334460428911024,2025-08-10,2025,8,3,2025-08
DGS30,RandomForest,3.6476645120034448,3.64955304789492,-0.001888535891475307,0.001888535891475307,0.003745323170474124,0.6620349286982153,0.007334460428911024,2025-08-11,2025,8,3,2025-08
DGS30,RandomForest,3.680529636973708,3.6838115268056297,-0.0032818898319217915,0.0032818898319217915,0.0037927487055164875,0.6620349286982153,0.007334460428911024,2025-08-12,2025,8,3,2025-08
DGS30,RandomForest,3.7033564100160135,3.698399177334808,0.0049572326812055145,0.0049572326812055145,0.0038992410761977984,0.6620349286982153,0.007334460428911024,2025-08-13,2025,8,3,2025-08
DGS30,RandomForest,3.679324574615122,3.675314410091924,0.004010164523197801,0.004010164523197801,0.0031974694915755256,0.6620349286982153,0.007334460428911024,2025-08-14,2025,8,3,2025-08
DGS30,RandomForest,3.7157449248892553,3.7209060355521903,-0.005161110662935009,0.005161110662935009,0.00317562088653717,0.6620349286982153,0.007334460428911024,2025-08-15,2025,8,3,2025-08
DGS30,RandomForest,3.691172044605653,3.6897213378781135,0.0014507067275393304,0.0014507067275393304,0.0031746607021987637,0.6620349286982153,0.007334460428911024,2025-08-16,2025,8,3,2025-08
DGS30,RandomForest,3.691172044605653,3.6936014403375226,-0.0024293957318697323,0.0024293957318697323,0.003195618099547473,0.6620349286982153,0.007334460428911024,2025-08-17,2025,8,3,2025-08
DGS30,RandomForest,3.691172044605653,3.693193765751293,-0.002021721145640143,0.002021721145640143,0.0031376639412952476,0.6620349286982153,0.007334460428911024,2025-08-18,2025,8,3,2025-08
DGS30,RandomForest,3.64379624325278,3.654497059306692,-0.010700816053911932,0.010700816053911932,0.003691855696078406,0.6620349286982153,0.007334460428911024,2025-08-19,2025,8,3,2025-08
DGS30,RandomForest,3.644589004572565,3.640297813901841,0.004291190670723921,0.004291190670723921,0.003768922358235318,0.6620349286982153,0.007334460428911024,2025-08-20,2025,8,3,2025-08
DGS30,RandomForest,3.645556018726675,3.6410616503401374,0.004494368386537495,0.004494368386537495,0.003808770910262461,0.6620349286982153,0.007334460428911024,2025-08-21,2025,8,3,2025-08
DGS30,RandomForest,3.7138480819838136,3.696209534743629,0.017638547240184543,0.017638547240184543,0.004987395693992915,0.6620349286982153,0.007334460428911024,2025-08-22,2025,8,3,2025-08
DGS30,RandomForest,3.75614648942284,3.753934074124029,0.002212415298810999,0.002212415298810999,0.0049989018830774645,0.6620349286982153,0.007334460428911024,2025-08-23,2025,8,3,2025-08
DGS30,RandomForest,3.75614648942284,3.753817341515303,0.0023291479075369104,0.0023291479075369104,0.005015365152124439,0.6620349286982153,0.007334460428911024,2025-08-24,2025,8,3,2025-08
DGS30,RandomForest,3.75614648942284,3.753788654317147,0.0023578351056929847,0.0023578351056929847,0.004908608916797404,0.6620349286982153,0.007334460428911024,2025-08-25,2025,8,3,2025-08
DGS30,RandomForest,3.8274724270713385,3.8363348220611897,-0.008862394989851197,0.008862394989851197,0.005168279224755715,0.6620349286982153,0.007334460428911024,2025-08-26,2025,8,3,2025-08
DGS30,RandomForest,3.784159680366759,3.786533813210329,-0.0023741328435695763,0.0023741328435695763,0.005186403939811914,0.6620349286982153,0.007334460428911024,2025-08-27,2025,8,3,2025-08
DGS30,RandomForest,3.77016979834734,3.772221014994116,-0.0020512166467763215,0.0020512166467763215,0.005199105034895205,0.6620349286982153,0.007334460428911024,2025-08-28,2025,8,3,2025-08
DGS30,RandomForest,3.775058155256151,3.775339494550384,-0.0002813392942329074,0.0002813392942329074,0.0051984308780361225,0.6620349286982153,0.007334460428911024,2025-08-29,2025,8,3,2025-08
DGS30,RandomForest,3.7836503894097855,3.781638241455287,0.0020121479544985554,0.0020121479544985554,0.005208960473886542,0.6620349286982153,0.007334460428911024,2025-08-30,2025,8,3,2025-08
DGS30,RandomForest,3.7836503894097855,3.784476276626098,-0.0008258872163127151,0.0008258872163127151,0.005205737431879448,0.6620349286982153,0.007334460428911024,2025-08-31,2025,8,3,2025-08
DGS30,RandomForest,3.7836503894097855,3.784682645263733,-0.0010322558539477278,0.0010322558539477278,0.005209009761593901,0.6620349286982153,0.007334460428911024,2025-09-01,2025,9,3,2025-09
DGS30,RandomForest,3.727226203669441,3.722181548495316,0.005044655174125001,0.005044655174125001,0.005289098062114255,0.6620349286982153,0.007334460428911024,2025-09-02,2025,9,3,2025-09
DGS30,RandomForest,3.698572778171384,3.700985844163603,-0.002413065992219021,0.002413065992219021,0.005307172334260108,0.6620349286982153,0.007334460428911024,2025-09-03,2025,9,3,2025-09
DGS30,RandomForest,3.727319059174915,3.727501518477031,-0.00018245930211602257,0.00018245930211602257,0.004961289402847918,0.6620349286982153,0.007334460428911024,2025-09-04,2025,9,3,2025-09
DGS30,RandomForest,3.7761264261387,3.775511201836703,0.0006152243019967862,0.0006152243019967862,0.00495507360030499,0.6620349286982153,0.007334460428911024,2025-09-05,2025,9,3,2025-09
DGS30,RandomForest,3.746670940826888,3.745440136139092,0.0012308046877960166,0.0012308046877960166,0.004925540756455123,0.6620349286982153,0.007334460428911024,2025-09-06,2025,9,3,2025-09
DGS30,RandomForest,3.746670940826888,3.745773938842283,0.0008970019846050725,0.0008970019846050725,0.004924884140183413,0.6620349286982153,0.007334460428911024,2025-09-07,2025,9,3,2025-09
DGS30,RandomForest,3.746670940826888,3.7456444796588912,0.0010264611679966507,0.0010264611679966507,0.004844733222967197,0.6620349286982153,0.007334460428911024,2025-09-08,2025,9,3,2025-09
DGS30,RandomForest,3.771521336490534,3.769936151967044,0.0015851845234902129,0.0015851845234902129,0.004849993739006999,0.6620349286982153,0.007334460428911024,2025-09-09,2025,9,3,2025-09
DGS30,RandomForest,3.8327484441957775,3.83606652118428,-0.003318076988502394,0.003318076988502394,0.004875504230813641,0.6620349286982153,0.007334460428911024,2025-09-10,2025,9,3,2025-09
DGS30,RandomForest,3.844101898043277,3.844983299160104,-0.0008814011168269964,0.0008814011168269964,0.004841219929591864,0.6620349286982153,0.007334460428911024,2025-09-11,2025,9,3,2025-09
DGS30,RandomForest,3.919630972511276,3.915017134332996,0.004613838178280094,0.004613838178280094,0.004829891852067589,0.6620349286982153,0.007334460428911024,2025-09-12,2025,9,3,2025-09
DGS30,RandomForest,3.9496947981441153,3.942347976180682,0.007346821963433392,0.007346821963433392,0.004958931445850473,0.6620349286982153,0.007334460428911024,2025-09-13,2025,9,3,2025-09
DGS30,RandomForest,3.9496947981441153,3.953426099688196,-0.003731301544080523,0.003731301544080523,0.004916013223731658,0.6620349286982153,0.007334460428911024,2025-09-14,2025,9,3,2025-09
DGS30,RandomForest,3.9496947981441153,3.953104876506068,-0.0034100783619526176,0.0034100783619526176,0.004948197196631198,0.6620349286982153,0.007334460428911024,2025-09-15,2025,9,3,2025-09
DGS30,RandomForest,3.845189501763812,3.8552386593512975,-0.010049157587485702,0.010049157587485702,0.005258717427594426,0.6620349286982153,0.007334460428911024,2025-09-16,2025,9,3,2025-09
DGS30,RandomForest,3.79226651422965,3.797062159990044,-0.0047956457603937075,0.0047956457603937075,0.005318314680946129,0.6620349286982153,0.007334460428911024,2025-09-17,2025,9,3,2025-09
DGS30,RandomForest,3.841445301380408,3.839725197367652,0.0017201040127559075,0.0017201040127559075,0.004956428233321698,0.6620349286982153,0.007334460428911024,2025-09-18,2025,9,3,2025-09
DGS30,RandomForest,3.850336402630514,3.8514115283022186,-0.0010751256717047575,0.0010751256717047575,0.004898050642175599,0.6620349286982153,0.007334460428911024,2025-09-19,2025,9,3,2025-09
DGS30,RandomForest,3.785910746502071,3.775608685804923,0.010302060697148008,0.010302060697148008,0.005182213523882493,0.6620349286982153,0.007334460428911024,2025-09-20,2025,9,3,2025-09
DGS30,RandomForest,3.785910746502071,3.787294436335247,-0.0013836898331760494,0.0013836898331760494,0.004067990327026893,0.6620349286982153,0.007334460428911024,2025-09-21,2025,9,3,2025-09
DGS30,RandomForest,3.785910746502071,3.7874347639979336,-0.0015240174958623953,0.0015240174958623953,0.0040574384649136,0.6620349286982153,0.007334460428911024,2025-09-22,2025,9,3,2025-09
DGS30,RandomForest,3.800015250889263,3.801327555780168,-0.0013123048909049473,0.0013123048909049473,0.004042199982881938,0.6620349286982153,0.007334460428911024,2025-09-23,2025,9,3,2025-09
DGS30,RandomForest,3.839969761505128,3.839508874413084,0.0004608870920437269,0.0004608870920437269,0.004020093081734536,0.6620349286982153,0.007334460428911024,2025-09-24,2025,9,3,2025-09
DGS30,RandomForest,3.9059380892321394,3.9077438538169114,-0.001805764584771996,0.001805764584771996,0.003694830588600663,0.6620349286982153,0.007334460428911024,2025-09-25,2025,9,3,2025-09
DGS30,RandomForest,3.831095960824425,3.837783619760563,-0.006687658936137986,0.006687658936137986,0.003867132734731527,0.6620349286982153,0.007334460428911024,2025-09-26,2025,9,3,2025-09
DGS30,RandomForest,3.806680361045844,3.807749565448506,-0.0010692044026621161,0.0010692044026621161,0.003853903544734974,0.6620349286982153,0.007334460428911024,2025-09-27,2025,9,3,2025-09
DGS30,RandomForest,3.806680361045844,3.8081982548415247,-0.0015178937956807914,0.0015178937956807914,0.0038635131928514265,0.6620349286982153,0.007334460428911024,2025-09-28,2025,9,3,2025-09
DGS30,RandomForest,3.806680361045844,3.808317517871296,-0.0016371568254518465,0.0016371568254518465,0.0038576053401924598,0.6620349286982153,0.007334460428911024,2025-09-29,2025,9,3,2025-09
DGS30,RandomForest,3.7664990010489534,3.771133714210592,-0.004634713161638437,0.004634713161638437,0.003946441625975808,0.6620349286982153,0.007334460428911024,2025-09-30,2025,9,3,2025-09
DGS30,RandomForest,3.7857570786925527,3.786139238779767,-0.0003821600872142561,0.0003821600872142561,0.003942556443904926,0.6620349286982153,0.007334460428911024,2025-10-01,2025,10,4,2025-10
DGS30,RandomForest,3.7973245692632847,3.793276505337031,0.0040480639262536755,0.0040480639262536755,0.0039040611979770405,0.6620349286982153,0.007334460428911024,2025-10-02,2025,10,4,2025-10
DGS30,RandomForest,3.877326493735509,3.871349566235029,0.005976927500479956,0.005976927500479956,0.004029688118575628,0.6620349286982153,0.007334460428911024,2025-10-03,2025,10,4,2025-10
DGS30,RandomForest,3.912859253699471,3.911339436666253,0.0015198170332180183,0.0015198170332180183,0.004039092894892855,0.6620349286982153,0.007334460428911024,2025-10-04,2025,10,4,2025-10
DGS30,RandomForest,3.912859253699471,3.9151863854262263,-0.0023271317267554714,0.0023271317267554714,0.004059824230756478,0.6620349286982153,0.007334460428911024,2025-10-05,2025,10,4,2025-10
DGS30,RandomForest,3.912859253699471,3.915184635253309,-0.0023253815538382128,0.0023253815538382128,0.004075772739536856,0.6620349286982153,0.007334460428911024,2025-10-06,2025,10,4,2025-10
DGS30,RandomForest,3.873231598888996,3.8752551161047775,-0.002023517215781645,0.002023517215781645,0.00408920412832266,0.6620349286982153,0.007334460428911024,2025-10-07,2025,10,4,2025-10
DGS30,RandomForest,3.828251830523056,3.830870215813753,-0.002618385290697134,0.002618385290697134,0.004112785070540669,0.6620349286982153,0.007334460428911024,2025-10-08,2025,10,4,2025-10
DGS30,RandomForest,3.8039326774349353,3.8026485683191793,0.0012841091157560491,0.0012841091157560491,0.004109282813912591,0.6620349286982153,0.007334460428911024,2025-10-09,2025,10,4,2025-10
DGS30,RandomForest,3.853859028103334,3.8541573415086208,-0.00029831340528696515,0.00029831340528696515,0.004064748919378523,0.6620349286982153,0.007334460428911024,2025-10-10,2025,10,4,2025-10
DGS30,RandomForest,3.840242223715172,3.843250616318325,-0.0030083926031529984,0.0030083926031529984,0.004098532548175537,0.6620349286982153,0.007334460428911024,2025-10-11,2025,10,4,2025-10
DGS30,RandomForest,3.840242223715172,3.8395162237097695,0.0007260000054025717,0.0007260000054025717,0.004013222498716451,0.6620349286982153,0.007334460428911024,2025-10-12,2025,10,4,2025-10
DGS30,RandomForest,3.840242223715172,3.839553684041484,0.0006885396736882043,0.0006885396736882043,0.0037845164316636848,0.6620349286982153,0.007334460428911024,2025-10-13,2025,10,4,2025-10
DGS30,RandomForest,3.9638858533652894,3.9454280722012514,0.018457781164038067,0.018457781164038067,0.00502143410104004,0.6620349286982153,0.007334460428911024,2025-10-14,2025,10,4,2025-10
DGS30,RandomForest,3.9843810036523895,3.978079262827938,0.006301740824451674,0.006301740824451674,0.005113796097866167,0.6620349286982153,0.007334460428911024,2025-10-15,2025,10,4,2025-10
DGS30,RandomForest,3.982857189868029,3.997512287457433,-0.014655097589403976,0.014655097589403976,0.0054720917178393185,0.6620349286982153,0.007334460428911024,2025-10-16,2025,10,4,2025-10
DGS30,RandomForest,3.931549423682553,3.938776849122549,-0.007227425439995994,0.007227425439995994,0.0055604289201610126,0.6620349286982153,0.007334460428911024,2025-10-17,2025,10,4,2025-10
DGS30,RandomForest,3.943115287419202,3.9375473212645646,0.005567966154637283,0.005567966154637283,0.005643859738894345,0.6620349286982153,0.007334460428911024,2025-10-18,2025,10,4,2025-10
DGS30,RandomForest,3.943115287419202,3.9498869252368536,-0.006771637817651666,0.006771637817651666,0.005774350659288794,0.6620349286982153,0.007334460428911024,2025-10-19,2025,10,4,2025-10
DGS30,RandomForest,3.943115287419202,3.9491892317186967,-0.006073944299494816,0.006073944299494816,0.00557091886747154,0.6620349286982153,0.007334460428911024,2025-10-20,2025,10,4,2025-10
DGS30,RandomForest,3.861766288865316,3.866581910612494,-0.004815621747177978,0.004815621747177978,0.005634210166757983,0.6620349286982153,0.007334460428911024,2025-10-21,2025,10,4,2025-10
DGS30,RandomForest,3.875621899133014,3.872335992932965,0.0032859062000492045,0.0032859062000492045,0.005659223375233853,0.6620349286982153,0.007334460428911024,2025-10-22,2025,10,4,2025-10
DGS30,RandomForest,3.858060121513077,3.854776388474536,0.0032837330385411256,0.0032837330385411256,0.00568584509950078,0.6620349286982153,0.007334460428911024,2025-10-23,2025,10,4,2025-10
DGS30,RandomForest,3.898048951040941,3.90106096957703,-0.0030120185360891227,0.0030120185360891227,0.005711756512129589,0.6620349286982153,0.007334460428911024,2025-10-24,2025,10,4,2025-10
DGS30,RandomForest,3.922981184711594,3.92634069301772,-0.003359508306125747,0.003359508306125747,0.005735126804581726,0.6620349286982153,0.007334460428911024,2025-10-25,2025,10,4,2025-10
DGS30,RandomForest,3.922981184711594,3.921046777906763,0.0019344068048310348,0.0019344068048310348,0.005614764855804811,0.6620349286982153,0.007334460428911024,2025-10-26,2025,10,4,2025-10
DGS30,RandomForest,3.922981184711594,3.920933318540217,0.0020478661713769775,0.0020478661713769775,0.005623812732125845,0.6620349286982153,0.007334460428911024,2025-10-27,2025,10,4,2025-10
DGS30,RandomForest,3.940360321413708,3.936157115385512,0.004203206028196238,0.004203206028196238,0.005669159340152417,0.6620349286982153,0.007334460428911024,2025-10-28,2025,10,4,2025-10
DGS30,RandomForest,3.9428496617412088,3.948838863099921,-0.005989201358712393,0.005989201358712393,0.005765909234934824,0.6620349286982153,0.007334460428911024,2025-10-29,2025,10,4,2025-10
DGS30,RandomForest,3.933211681132926,3.940212544154358,-0.007000863021431769,0.007000863021431769,0.005844948805362874,0.6620349286982153,0.007334460428911024,2025-10-30,2025,10,4,2025-10
DGS30,RandomForest,3.9119566845052303,3.910740893704198,0.0012157908010324014,0.0012157908010324014,0.005848746011066538,0.6620349286982153,0.007334460428911024,2025-10-31,2025,10,4,2025-10
DGS30,RandomForest,3.938002531116074,3.939661543948551,-0.00165901283247738,0.00165901283247738,0.005809763044755756,0.6620349286982153,0.007334460428911024,2025-11-01,2025,11,4,2025-11
DGS30,RandomForest,3.938002531116074,3.943146868020576,-0.0051443369045021115,0.0051443369045021115,0.005783139109881758,0.6620349286982153,0.007334460428911024,2025-11-02,2025,11,4,2025-11
DGS30,RandomForest,3.938002531116074,3.94287963427202,-0.004877103155946028,0.004877103155946028,0.005844704812353937,0.6620349286982153,0.007334460428911024,2025-11-03,2025,11,4,2025-11
DGS30,RandomForest,3.894830319091572,3.898100872365269,-0.0032705532736967413,0.0032705532736967413,0.005859744610330769,0.6620349286982153,0.007334460428911024,2025-11-04,2025,11,4,2025-11
DGS30,RandomForest,3.914769374903817,3.91539945797504,-0.00063008307122292,0.00063008307122292,0.00584547634858137,0.6620349286982153,0.007334460428911024,2025-11-05,2025,11,4,2025-11
DGS30,RandomForest,3.9497474728402735,3.942760992498012,0.0069864803422614585,0.0069864803422614585,0.005971610887929003,0.6620349286982153,0.007334460428911024,2025-11-06,2025,11,4,2025-11
DGS30,RandomForest,3.9972147597018295,3.992640743705969,0.004574015995860492,0.004574015995860492,0.006010739773396769,0.6620349286982153,0.007334460428911024,2025-11-07,2025,11,4,2025-11
DGS30,RandomForest,3.9457735800608607,3.9397094816730633,0.006064098387797312,0.006064098387797312,0.006107356579679224,0.6620349286982153,0.007334460428911024,2025-11-08,2025,11,4,2025-11
DGS30,RandomForest,3.9457735800608607,3.947723319273905,-0.0019497392130443103,0.0019497392130443103,0.00611747939337666,0.6620349286982153,0.007334460428911024,2025-11-09,2025,11,4,2025-11
DGS30,RandomForest,3.9457735800608607,3.947675058816594,-0.0019014787557334323,0.0019014787557334323,0.006102654666223659,0.6620349286982153,0.007334460428911024,2025-11-10,2025,11,4,2025-11
DGS30,RandomForest,3.84443215664212,3.853018958113573,-0.008586801471452965,0.008586801471452965,0.006299412413756657,0.6620349286982153,0.007334460428911024,2025-11-11,2025,11,4,2025-11
DGS30,RandomForest,3.841154121295234,3.8436260090536014,-0.002471887758367597,0.002471887758367597,0.00631430662587078,0.6620349286982153,0.007334460428911024,2025-11-12,2025,11,4,2025-11
DGS30,RandomForest,3.8477277850092495,3.847864812126571,-0.0001370271173213311,0.0001370271173213311,0.005339922396117857,0.6620349286982153,0.007334460428911024,2025-11-13,2025,11,4,2025-11
DGS30,RandomForest,3.809463851711173,3.810399716776797,-0.0009358650656237089,0.0009358650656237089,0.005217301479690198,0.6620349286982153,0.007334460428911024,2025-11-14,2025,11,4,2025-11
DGS30,RandomForest,3.76554426950447,3.770083947874898,-0.004539678370428124,0.004539678370428124,0.004555011292526451,0.6620349286982153,0.007334460428911024,2025-11-15,2025,11,4,2025-11
DGS30,RandomForest,3.76554426950447,3.766252886362328,-0.0007086168578580576,0.0007086168578580576,0.0043616139811307,0.6620349286982153,0.007334460428911024,2025-11-16,2025,11,4,2025-11
DGS30,RandomForest,3.76554426950447,3.7663316864464815,-0.0007874169420114541,0.0007874169420114541,0.004243929287634375,0.6620349286982153,0.007334460428911024,2025-11-17,2025,11,4,2025-11
DGS30,RandomForest,3.684222116645865,3.696375026956297,-0.012152910310431864,0.012152910310431864,0.004626612238752294,0.6620349286982153,0.007334460428911024,2025-11-18,2025,11,4,2025-11
DGS30,RandomForest,3.7175527739540057,3.725714159058809,-0.008161385104803465,0.008161385104803465,0.0047324469770184,0.6620349286982153,0.007334460428911024,2025-11-19,2025,11,4,2025-11
DGS30,RandomForest,3.8710161845363857,3.814404957900776,0.05661122663560958,0.05661122663560958,0.011333611369263807,0.6620349286982153,0.007334460428911024,2025-11-20,2025,11,4,2025-11
DGS30,RandomForest,3.8349589799143664,3.8305688598353465,0.004390120079019955,0.004390120079019955,0.011346068885797506,0.6620349286982153,0.007334460428911024,2025-11-21,2025,11,4,2025-11
DGS30,RandomForest,3.8430484732020496,3.842198005026894,0.0008504681751557719,0.0008504681751557719,0.01133128231679365,0.6620349286982153,0.007334460428911024,2025-11-22,2025,11,4,2025-11
DGS30,RandomForest,3.8430484732020496,3.844864075020293,-0.001815601818243362,0.001815601818243362,0.011322783701586046,0.6620349286982153,0.007334460428911024,2025-11-23,2025,11,4,2025-11
DGS30,RandomForest,3.8430484732020496,3.8449263862726815,-0.001877913070631898,0.001877913070631898,0.01131135592230068,0.6620349286982153,0.007334460428911024,2025-11-24,2025,11,4,2025-11
DGS30,RandomForest,3.921164104853797,3.918053367665491,0.003110737188305901,0.003110737188305901,0.011320097084679579,0.6620349286982153,0.007334460428911024,2025-11-25,2025,11,4,2025-11
DGS30,RandomForest,3.8857581139197137,3.884650329947903,0.0011077839718107718,0.0011077839718107718,0.011315728536966389,0.6620349286982153,0.007334460428911024,2025-11-26,2025,11,4,2025-11
DGS30,RandomForest,3.909180058962255,3.912522697190392,-0.0033426382281369627,0.0033426382281369627,0.01130616006001183,0.6620349286982153,0.007334460428911024,2025-11-27,2025,11,4,2025-11
DGS30,RandomForest,3.8888097767495378,3.892193426262218,-0.0033836495126804422,0.0033836495126804422,0.011270102351188093,0.6620349286982153,0.007334460428911024,2025-11-28,2025,11,4,2025-11
DGS30,RandomForest,3.836350625289101,3.836211541893077,0.00013908339602375364,0.00013908339602375364,0.011197415581781748,0.6620349286982153,0.007334460428911024,2025-11-29,2025,11,4,2025-11
DGS30,RandomForest,3.836350625289101,3.834639446957522,0.0017111783315790774,0.0017111783315790774,0.01119957358614522,0.6620349286982153,0.007334460428911024,2025-11-30,2025,11,4,2025-11
DGS30,RandomForest,3.836350625289101,3.8344714472240486,0.0018791780650522227,0.0018791780650522227,0.011200732776573593,0.6620349286982153,0.007334460428911024,2025-12-01,2025,12,4,2025-12
DGS30,RandomForest,3.8769244608044016,3.880896064887165,-0.003971604082763314,0.003971604082763314,0.0111848139289686,0.6620349286982153,0.007334460428911024,2025-12-02,2025,12,4,2025-12
DGS30,RandomForest,3.8729420107176336,3.868235783064424,0.004706227653209716,0.004706227653209716,0.011182373514151035,0.6620349286982153,0.007334460428911024,2025-12-03,2025,12,4,2025-12
DGS30,RandomForest,3.867240830509956,3.865842692855357,0.0013981376545992852,0.0013981376545992852,0.011169336883457193,0.6620349286982153,0.007334460428911024,2025-12-04,2025,12,4,2025-12
